ip,port,ip_type,pri_time
180.118.247.31,9000,HTTP,2019-06-12 01:30:54
121.232.148.178,9000,HTTP,2019-06-13 06:30:59
218.108.168.68,82,HTTP,2014-07-30 19:15:06
121.233.251.205,9999,HTTP,2019-06-13 22:30:59
163.204.244.215,9999,HTTP,2019-06-11 10:30:58
117.81.80.222,8088,HTTP,2014-07-31 04:00:07
49.86.182.154,9999,HTTP,2019-06-12 16:31:01
119.254.94.71,39053,HTTP,2019-06-09 13:31:00
1.192.241.60,9999,HTTP,2019-06-10 04:30:59
49.86.177.156,9999,HTTP,2019-06-08 21:31:00
118.233.199.164,8088,HTTP,2014-08-02 01:30:21
117.90.137.164,9000,HTTP,2019-06-07 01:31:00
120.198.230.30,80,HTTP,2014-08-02 16:16:31
58.242.73.239,8088,HTTP,2014-08-01 10:17:20
183.207.224.39,80,HTTP,2014-08-03 07:16:47
49.72.134.216,9999,HTTP,2019-06-10 18:30:58
121.228.49.228,8088,HTTP,2014-08-03 22:00:02
61.224.172.203,8088,HTTP,2014-08-04 13:02:05
58.45.242.68,8088,HTTP,2014-08-07 01:01:36
1.174.229.216,8088,HTTP,2014-08-06 10:18:47
220.188.40.145,8088,HTTP,2014-08-08 21:03:02
123.166.198.246,8088,HTTP,2014-08-07 16:01:55
115.29.191.128,80,HTTP,2014-08-08 06:30:20
61.174.9.96,8080,HTTP,2014-08-09 14:30:04
122.238.219.131,8088,HTTP,2014-08-10 19:30:51
119.36.103.166,8088,HTTP,2014-08-11 11:30:06
1.163.113.77,8088,HTTP,2014-08-12 02:00:41
123.166.224.172,8088,HTTP,2014-08-14 14:30:34
124.73.53.147,8088,HTTP,2014-08-15 20:30:11
183.221.50.133,8123,HTTP,2014-08-16 11:30:33
112.96.28.49,80,HTTP,2014-08-15 05:30:18
61.223.176.119,8088,HTTP,2014-08-17 02:00:57
114.104.14.0,8088,HTTP,2014-08-18 08:30:09
114.218.152.174,8088,HTTP,2014-08-18 23:30:30
112.194.170.219,8088,HTTP,2014-08-17 17:30:43
122.156.230.173,8088,HTTP,2014-08-19 14:30:11
123.170.215.242,8088,HTTP,2014-08-20 05:30:28
124.8.83.229,8088,HTTP,2014-08-20 20:30:44
123.110.90.74,8088,HTTP,2014-08-23 07:48:11
61.135.153.22,80,HTTP,2014-08-22 17:00:05
222.93.77.39,8088,HTTP,2014-08-23 22:30:11
182.234.225.136,8088,HTTP,2014-08-25 20:30:27
58.68.246.12,18080,HTTP,2014-08-25 05:30:07
183.207.224.16,80,HTTP,2014-08-24 14:30:06
112.192.150.234,8088,HTTP,2014-08-28 08:30:11
115.29.164.195,8081,HTTP,2014-08-27 02:30:14
125.123.80.240,80,HTTP,2014-08-29 14:30:39
175.16.183.190,8585,HTTP,2014-08-30 20:30:43
115.200.77.210,8088,HTTP,2014-08-30 05:30:25
183.224.1.112,8080,HTTP,2014-08-31 11:30:24
123.110.152.125,8088,HTTP,2014-08-28 23:30:18
123.151.172.4,80,HTTP,2014-09-02 08:30:21
116.207.90.45,8088,HTTP,2014-09-01 02:00:44
114.231.170.126,8585,HTTP,2014-09-01 17:30:39
222.189.55.0,80,HTTP,2014-09-02 23:30:26
